Role,IsReturnGoods,Level,TextId,Text,AddRage,Option1,Option1ShowText,Option1Jump,Option1Mood,Option1Money,Option2,Option2ShowText,Option2Jump,Option2Mood,Option2Money,Option3,Option3ShowText,Option3Jump,Option3Mood,Option3Money,Option4,Option4ShowText,Option4Jump,Option4Mood,Option4Money,NoOptionJump,NoOptionMood,NoOptionMoney
1,FALSE,1,1001,啊！朋友你好，很高兴认识你！我叫皮特，是这一带的旅行商人，很早就听说朋友这小店的名气很大，今天旅行至此，终于是开了眼界！你看咱们既然都是同行，能不能给我展示展示您这边的货物？（皮特晃了晃身体，肩上的大袋子发出砰砰的响声）,,兄弟太客气啦，这么远过来也是辛苦了，（从货柜下面拿出灵魂之羽、毛球草）您随便看就是了！,展示灵魂之羽、毛球草,1002,15,0,当然没问题，朋友，这是本店的镇店之宝，灵魂之羽，您看看是否有兴趣？,展示灵魂之羽,1003,10,0,朋友客气，这是咱们中心区域的特产毛球草，十分珍贵，朋友那是否也有好货物给我看看？,展示毛球草,1004,5,0,不好意思朋友，小店没什么出名的货物可以展示，有的都在后面货架上了。,拒绝展示,1005,0,0,1006,-20,0
1,FALSE,1,1002,啊！兄弟是个豪爽的人，这些东西真是开了眼界了！（袋子里拿出一些金属块），我没什么好东西，只有一些从北边矿山换来的秘银锭，兄弟看看有没有兴趣交换你的灵魂之羽和毛球草？,,嗯……跟兄弟说句实话，您看看我们店周围，都是漫山遍野的制造材料，我们经营的主业都是这些物品，金属这东西，恐怕不太适合我。,这东西恐怕不太适合我,1005,-10,0,兄弟辛苦了，这么远带过来，有诚意！那咱们就废话不多说，成交！,废话不多说，成交！,1007,20,400,兄弟这货物够硬！我收了！但考虑到咱们小店主营的是材料，金属这东西，再卖出去还是有点吃亏的，所以需要兄弟再……给小弟点帮助？（摸了摸口袋，看看能不能再让他给点钱）,只有这些怎么够？加点钱！,1008,-5,0,兄弟不要开玩笑，就这东西，能换我家的货物？您还是去别处看看吧,完全没有兴趣,1012,-25,0,1006,-20,0
1,FALSE,1,1003,啊！这羽毛，如此的轻盈和丝滑，一看就是上等的制造材料！真是开了眼界了！（袋子里拿出一些神秘水晶），这是我老家附近矿场采来的水晶，兄弟看看换取你5个羽毛如何，交个朋友？,,朋友，这水晶固然珍贵，但我们的羽毛也是极其稀有的制作材料，我只能给你3个交换，你看如何？,不好评估，只能以3换1,1007,15,300,朋友有所不知，这羽毛是我们这最珍贵的特产，这价值我也不好评估，要不然2换1，怎么样？,不好评估，只能以2换1,1010,-10,0,这水晶光泽闪耀，是个宝贝！成交！,是个宝贝！成交！,1007,15,200,朋友说笑了，5换1，我的羽毛不至于这么差吧，这笔交易恐怕换谁都不能接受吧。,拒绝交易,1012,-20,0,1006,-20,0
1,FALSE,1,1004,啊！这毛球草，形状独特且柔软，使劲拉又不会断裂，真是上等的材料啊！（袋子里拿出一些神秘植被），这是我去年去南方牧场老板那买来的薄荷，您是否有兴趣？,,（咬了一口）！这薄荷清凉无比，很适合我们小店！我用20袋毛球草换你20袋薄荷如何？,用20袋换他20袋,1007,15,-40,（咬了一口）！这薄荷清凉无比，很适合我们小店！我用30袋毛球草换你50袋薄荷如何？,用30袋换他50袋,1007,10,100,（咬了一口）！这薄荷清凉无比，很适合我们小店！不如我们来比大交易，我用50袋毛球草换你100袋薄荷如何？,用50袋换他100袋,1011,-5,0,（咬了一口）！这薄荷虽然味道不错，但小店真的不太需要这些，实在抱歉,不太需要，找个理由拒绝,1012,-15,0,1006,-20,0
1,FALSE,1,1005,啊！那还真是可惜呀，但我也实在是不想错过，朋友，要不然这样，你看看能不能直接把它们卖给我？,,好嘞，那咱们就成交！总共是500金币（以正常价格卖出了物品）,500金币正常卖出,1007,20,500,没问题！一个羽毛加一株草……一共是……1000金币！（稍微抬个价，他应该也不知道吧）,稍微抬个价，1000金币,1009,0,0,当然可以，一共是5000金币吧，也算跟兄弟交个朋友（这人看上去够傻的，也蛮有钱的，多要点钱试试！）,狠一点，5000金币,1012,-15,0,不好意思朋友，这些物品都是只能出售给法师们的，实在抱歉,不想卖，找个理由拒绝,1012,-10,0,1006,-20,0
1,FALSE,1,1006,啊！朋友既然不想，那我只能另寻别处了……,,,,,,,,,,,,,,,,,,,,,,,,
1,FALSE,1,1007,啊！当然可以！完美的交易，朋友绝对不会后悔的，合作愉快！,,,,,,,,,,,,,,,,,,,,,,,,
1,FALSE,1,1008,啊！我懂朋友的意思，也确实在理，要不然我给朋友多补100金币怎么样，以示我的诚意！,,（同意）,,1007,10,500,（不同意）,不同意,1012,-10,0,,,,,,,,,,,1006,-20,0
1,FALSE,1,1009,啊！朋友你这个方案，我不太能接受的了……最近做了很多赔本生意，不想再做一次了……,,（坚持刚才的想法，我还不想做赔本生意呢！）,坚持刚才的想法,1012,-10,0,好嘞，那咱们就成交！总共是500金币（以正常价格卖出了物品）,妥协他，并正常卖出,1007,20,500,好！我也理解兄弟的难处，那就一口价900金币如何？,不行，就要900金币,1012,-15,0,不好意思朋友，我忘了说，这些物品都是只能出售给法师们的，实在抱歉,不想卖了，找个理由拒绝,1012,-10,0,1006,-20,0
1,FALSE,1,1010,啊！朋友你这个方案，我不太能接受的了……最近做了很多赔本生意，不想再做一次了……,,（坚持刚才的想法，我还不想做赔本生意呢！）,坚持刚才的想法,1012,-10,0,朋友，这水晶固然珍贵，但我们的羽毛也是极其稀有的制作材料，我只能给你3个交换，你看如何？,不好评估，只能以3换1,1007,15,300,这水晶光泽闪耀，是个宝贝！成交！,是个宝贝！成交！,1007,15,200,不好意思朋友，我忘了说，这些物品都是只能出售给法师们的，实在抱歉,不想卖了，找个理由拒绝,1012,-10,0,1006,-20,0
1,FALSE,1,1011,啊！朋友你这个方案，我不太能接受的了……最近做了很多赔本生意，不想再做一次了……,,（坚持刚才的想法，我还不想做赔本生意呢！）,坚持刚才的想法,1012,-10,0,（咬了一口）！这薄荷清凉无比，很适合我们小店！我用20袋毛球草换你20袋薄荷如何？,用20袋换他20袋,1007,15,-40,（咬了一口）！这薄荷清凉无比，很适合我们小店！我用30袋毛球草换你50袋薄荷如何？,用30袋换他50袋,1007,10,100,不好意思朋友，前一阵镇上的酒吧老板已经预定了一批货，我这库存实在不足了，抱歉抱歉,不太需要，实在抱歉,1012,-15,0,1006,-20,0
1,FALSE,1,1012,啊！那就没什么办法了，我是诚心过来交换的，朋友非要这么做，那我只能另寻别处了……,,,,,,,,,,,,,,,,,,,,,,,,
2,FALSE,2,2001,哼，这什么鬼地方，不但不干人事，还这么热，快把本大爷的寒冰护盾耗完了，有人么？给我快点滚出来，不然小心本大爷现在把你家房子冻成冰！,,诶哟哟，这怎么啦，大爷您先消消火，发生什么事情啦？（给他倒一杯薄荷冰水）,给他倒一杯薄荷冰水,2002,10,0,朋友淡定，坐下喝杯水，您这边需要什么帮助吗？（给他倒一杯温水）,给他倒一杯温水,2003,0,0,有人有人，您先坐下喘口气，发生什么事情啦（给他倒一杯薄荷热茶）,给他倒一杯薄荷热茶,2004,-10,0,外面谁啊？你在叫个什么东西？,骂回去,2021,-30,-1000,2022,-50,-1000
2,FALSE,2,2002,（咕噜咕噜&……%一口气喝掉整杯水）呵，还挺爽，算你小子干了点人事，不过你给我滚过来，解释解释你们店里的羽毛，为什么让我的法术失效了？,,失效了？大爷您不妨说详细一点，什么时候在我们这买的，中间您的法杖有什么变故吗？小弟帮您分析分析,详细问问他发生了什么,2005,5,0,大爷，您的法术失效，应该跟我们的羽毛没什么关系，我们只是一个附魔材料，况且都卖出去这么多了，也没见人说过有问题呀,敷衍一下，解释不是羽毛的问题,2006,0,0,噢噢，是羽毛出了问题，那小弟给您退货，然后换一个新的，您看看怎么样？,同意退货，帮他换一个新的羽毛,2016,-5,-300,,,,,,2022,-50,-1000
2,FALSE,2,2003,什么事情？你小子给我看看这个，这羽毛不是你们家镇店之宝么，怎么还有假的，坏的？他直接让我的法术失效了！,,失效了？您不妨说详细一点，什么时候在我们这买的，中间您的法杖有什么变故吗？,详细问问他发生了什么,2005,0,0,您的法术失效，应该跟我们的羽毛没什么关系，我们只是一个附魔材料。,敷衍一下，解释不是羽毛的问题,2006,-5,0,噢噢，是羽毛出了问题，那小弟给您退货，然后换一个新的，您看看怎么样？,同意退货，帮他换一个新的羽毛,2016,-5,-300,,,,,,2022,-50,-1000
2,FALSE,2,2004,（一把把水洒在地上）你小子故意的吧？你知不知道我最讨厌的就是热水！热茶！以及……所有热的东西！！,,大爷，您淡定，是我自己拿错了，嘿嘿，这是给后面客人预留的，您喝这杯冰水（倒了一杯薄荷冰水）,承认错误，并倒一杯冰水,2002,10,0,对不起对不起，您还好吧，怪我不太了解您，但还请问您遇到什么问题了？,我不是故意的……,2003,0,0,给你倒水你还不知好歹？谁知道你喜欢什么？,怼回去，这锅我不背,2020,-30,-500,,,,,,2022,-50,-1000
2,FALSE,2,2005,呵，你在质疑本大爷么？那天从你们这买完一个材料，说是能让法术更上一层楼，我就信了你的鬼话了！也是从你小子这买的，哼，然后本大爷开心，就去了路边酒馆，我和老板喝了几大桶酒，我们聊得可真高兴啊，哈哈哈，走时候插上了羽毛，路上醉醺醺的，没想到回到城堡之后，我就施展不了我的终极技能了！啊！现在的我竟然连那个家伙，都打不过了！！,,原来是这样~小弟有一个想法不知道对不对，我跟您说说？,我有一个想法……,2007,5,0,大爷，听您的描述，感觉一切正常，初步判断是您的法力变弱了呢,貌似一切都正常……,2020,-10,-500,原来是这样~那小弟给您退货，然后换一个新的，您看看怎么样？,同意退货，帮他换一个新的羽毛,2014,0,-300,,,,,,2022,-50,-1000
2,FALSE,2,2006,你在和我顶嘴？和你的羽毛没关系，难道和我有关系？我告诉你，要么给我把货退掉，要么你这个店就别想要了，你选一个吧。,,大爷您别生气，您先跟我说说您具体遇到了什么事情，什么时候在我们这买的，中间您的法杖有什么变故？说完咱们再下结论不成？,好言相劝,2005,5,0,您稍等，我给您退个货换个新的吧，您看看如何？,同意退货，帮他换一个新的羽毛,2016,-5,-300,口气不小？我就不退会怎么样？看你法术都失灵了你还能干出什么事来？,确实和我无关，不退,2021,-30,-1000,,,,,,2022,-50,-1000
2,FALSE,2,2007,呵，你小子还能有想法，我这么高深复杂的法术，你能分析出什么，但奇怪了，大爷反而倒是感兴趣了，你说来听听？,,大爷，在我一个旁人看来，我倒觉得，这问题就出在酒吧里,问题出在酒吧里,2008,10,0,大爷，在我一个旁人看来，我倒觉得，这问题就出在您回城堡的路上,问题出在回城堡的路上,2009,-5,0,大爷，在我一个旁人看来，我倒觉得，这问题就出在那个家伙身上,问题出在“那个家伙”身上,2014,-5,0,大爷，听您的描述，感觉一切正常，问题可能就出在终极技能上,问题出在终极技能上,2010,-5,0,2022,-50,-1000
2,FALSE,2,2008,酒吧里？酒吧里有什么问题，那老板是我老朋友，看我又又过来这边了，想和我喝几杯，出于面子我就当然同意了，呵，那酒可真好喝啊，不过劲也真大啊，哈哈哈，后面都喝趴下了，我就听他问我一些关于法术的问题，我还奇怪他突然问这些干嘛，我就随便说了说，反正他这老东西麻瓜一个，又听不懂，哈哈哈哈,,大爷，您真是误会我们的羽毛啦，这酒吧里的问题就出在老板身上,问题当然出在老板身上,2011,-5,0,大爷，您真是误会我们的羽毛啦，这酒吧里的问题就出在酒里,问题当然出在酒里,2012,-5,0,大爷，您真是误会我们的羽毛啦，这酒吧里的问题就出在奇怪的对话里,问题当然出在奇怪的对话里,2013,10,0,嗯……看来是小弟分析错了，我也没什么眉目，但我保证跟羽毛一定没有关系……,貌似没问题……是我分析错了,2017,-5,0,2022,-50,-1000
2,FALSE,2,2009,城堡路上？城堡路上我一个人都没遇到，遇到了我不就跟你说了？唉，就知道和你说这些没用，给我退货吧,,,,,,,,,,,,,,,,,,,,,,,,
2,FALSE,2,2010,终极技能上？我的终极技能我自己还不了解？你在说什么？唉，就知道和你说这些没用，给我退货吧,,,,,,,,,,,,,,,,,,,,,,,,
2,FALSE,2,2011,老板？你小子真有你的，我俩都认识七八年了，他能有什么问题，你也不用乱分析了，什么都不懂就帮我退货吧,,,,,,,,,,,,,,,,,,,,,,,,
2,FALSE,2,2012,酒里？真有你的，我也是第一次听说酒能让人法术失灵的，算了，就原谅你的无知吧，给我退货吧,,,,,,,,,,,,,,,,,,,,,,,,
2,FALSE,2,2013,奇怪的对话？什么意思？,,大爷那天喝多了趴在桌子上，神志也不太清醒，您也一定记不清自己说过什么，而在此刻最能套走你的秘密的人，只有老板,没错，“他”就是老板,2011,-5,0,大爷那天喝多了趴在桌子上，神志也不太清醒，您也一定记不清自己说过什么，而在此刻最能套走你的秘密的人，一定另有其人,没错，“他”就是酒吧里的人,2015,20,0,大爷那天喝多了趴在桌子上，神志也不太清醒，您也一定记不清自己说过什么，而在此刻最能套走你的秘密的人，一定是您口中的那个家伙,没错，“他”就是那个家伙,2014,-5,0,嗯……看来是小弟分析错了，看来和对话也没什么关系……,其实……我也不太清楚,2017,-5,0,2022,-50,-1000
2,FALSE,2,2014,那个家伙，算了算了，你连他是谁都不知道，你没有发言权，给我退货吧,,,,,,,,,,,,,,,,,,,,,,,,
2,FALSE,2,2015,貌似……有些道理！我就说，那天他怎么突然问了我这些奇怪的问题来，可是就算是这样，我也查不出是谁，而且我的法术也消失不见了……,,大爷不用失落，我觉得你应该去老板那里问问当天有谁去过店里，这样总会查出眉目的，但这羽毛已经失去了灵力，如果您想退货，我可以帮您办理。,我也无能为力……,2017,10,-150,大爷不用失落，您去问问您的老朋友，他一定知道怎么查，这样吧，大爷跑一趟也不容易，我给大爷把这羽毛退掉，然后补给您一片新的，您看如何？,一切都会好的，给他一枚新羽毛,2019,30,1000,大爷不用失落，法术终究可以找回来的，但这问题确实不在羽毛上，所以没法帮您退货了,安慰他，但这确实不是羽毛的问题……,2018,-5,0,,,,,,,,
2,FALSE,2,2016,赶紧的，给本大爷退货！,,,,,,,,,,,,,,,,,,,,,,,,
2,FALSE,2,2017,算了算了，给本大爷退货吧,,,,,,,,,,,,,,,,,,,,,,,,
2,FALSE,2,2018,算了算了，如果真是这样的话，也确实不怪你，我先行一步了，如果我找到缘由，我还会来的。,,,,,,,,,,,,,,,,,,,,,,,,
2,FALSE,2,2019,呵，你小子虽然长得不太聪明，但做人可以！本大爷记住你了，那这羽毛我收下了，本大爷也是个讲义气的人，就勉强送你个小礼物吧（获得冰霜护符）,,,,,,,,,,,,,,,,,,,,,,,,
2,FALSE,2,2020,由于的你言论激怒了冰霜法师，冰霜法师施展了寒冰箭，将你打成脸部重伤（后续支付医药费花费了500金币）,,,,,,,,,,,,,,,,,,,,,,,,
2,FALSE,2,2021,冰霜法师施展了冰霜冲击，毁坏了小店的房梁以及货架）还真有这种不自量力的人啊，呵，你给我等着，这只是第一次。（后续支付维修费用花费了1000金币）,,,,,,,,,,,,,,,,,,,,,,,,
2,FALSE,2,2022,喂，你小子敢不回应本大爷？找死吗你？（对方释放了暴风雪，毁坏了房顶，后续支付维修费1000金币）,,,,,,,,,,,,,,,,,,,,,,,,
3,FALSE,0,3001,嘿我的老朋友，咱们又见面了，最近过得如何呀？我来干什么，想必你肯定知道吧，哈哈哈,,那当然，今天老板想要点什么货？,那当然，今天老板想要点什么货？,3003,,,哈哈哈，老板前来，难道是想请我尝尝鲜？,哈哈哈，老板前来，难道是想请我尝尝鲜？,3002,,,哎呀你别卖关子啦，有事直说,哎呀你别卖关子啦，有事直说,3004,,,,,,,,3005,-50,-1000
3,FALSE,0,3002,果然还是我的朋友了解我啊！没错，这次给你带来了一瓶新酒，我给他起名叫【夏日凉风】，但是依照老规矩，你猜猜我的原料是什么，猜对了我再给你，哈哈哈哈。,,橙子皮+西瓜汁,橙子皮+西瓜汁,3005,,,柠檬+薄荷,,3006,,300,水梨+冰淇淋,,3007,,,,,,,,,,
3,FALSE,0,3003,哎呀，我的朋友，咱们之前只有买卖吗，怎么，上次我带来的酒不够纯？哈哈哈，不过没关系，这次我来也确实是想买点新东西的，你这有没有什么新东西呀？,,展示特制麦芽,,3009,,,展示灵魂香草,,3011,,,展示紫晶葡萄,,3017,,,,,,,,,,
3,FALSE,0,3004,好吧，怎么，今天看起来心情不太好？开心点嘛我的朋友，我今天来是想看看，你这有没有什么新东西呀？,,展示特制麦芽,,3009,,,展示灵魂香草,,3011,,,展示紫晶葡萄,,3017,,,,,,,,,,
3,FALSE,0,3005,哈哈哈，这次终于难倒你啦，其实我这次用的是上次你给我的薄荷，自己又加了点柠檬，（倒了一杯给我）怎么样，味道不错吧？,,是我草率了，这么简单的问题呀……这味道确实不错，原来我的薄荷这么上头啊，不过话说回来，老板今天来不会只是想找我喝酒聊天吧？,,3008,,,,,,,,,,,,,,,,,,,,
3,FALSE,0,3006,害~你怎么又猜对了啊，看来我下次名字要起的更难一点了！好吧愿赌服输，这杯酒送你，你留着吧！,,哈哈哈，那就不客气了，不过话说回来，老板今天来不会只是想找我喝酒聊天吧？,,3008,,,,,,,,,,,,,,,,,,,,
3,FALSE,0,3007,冰淇淋？！哈哈哈，你今天怎么了，我最讨厌那个东西了，怎么可能放到我的酒里，其实我这次用的是上次你给我的薄荷，自己又加了点柠檬，（倒了一杯给我）怎么样，味道不错吧？,,是我草率了，这么简单的问题呀……这味道确实不错，原来我的薄荷这么上头啊，不过话说回来，老板今天来不会只是想找我喝酒聊天吧？,,3008,,,,,,,,,,,,,,,,,,,,
3,FALSE,0,3008,哈哈哈还是朋友懂我，我今天来是想看看，你这有没有什么新的好东西呀，比如上次那个薄荷，真是棒呀！,,展示特制麦芽,,3009,,,展示灵魂香草,,3011,,,展示紫晶葡萄,,3017,,,,,,,,,,
3,FALSE,0,3009,（拿起来闻了闻）朋友，这个麦芽确实不错，醇香浓郁，但我店里最近刚购入了一大批，等我用完了再来买吧！不知道还有没有别的东西？刺激一点的，嘿嘿,,展示紫晶葡萄,,3010,,500,展示灵魂香草,,3011,,,,,,,,,,,,,,,
3,FALSE,0,3010,（拿在手里转了转）这葡萄晶莹剔透，酿出的酒一定好喝，这批货我买了，就是这么爽快，哈哈哈，钱我就先付给朋友了，到时候直接送到我小店就行，哈哈哈,,,,,,,,,,,,,,,,,,,,,,,,
3,FALSE,0,3011,几颗香草……是吗？（闻了闻）哇，这香草？什么味道？诶？为什么突然又觉得好迷糊……这又是什么神奇宝贝！朋友给我介绍介绍？,,这香草是用于魔法的，法律上不允许食用……,,3012,,,不介绍，收回去,,3016,,500,,,,,,,,,,,,,
3,FALSE,0,3012,这……这么神奇的东西！我要了！不过你说它略微属于违禁品，这要是被查出来……我的酒吧岂不是……,,放心！不会有人来的,,3013,,,停止交易,,3016,,500,,,,,,,,,,,,,
3,FALSE,0,3013,好，那我就要了！朋友就突出一个靠谱！哈哈哈，我觉得也不会有人来啦，我那么小的一个店……（咚咚咚……咚咚咚）什么声音？！,,,,3014,,,,,,,,,,,,,,,,,,,,
3,FALSE,0,3014,果然是你！你这个老板，还在打歪主意！我和我的手下已经跟了你一路了，果然抓到了现形！跟我走！等等！还有你！好你一个小店啊，你知不知道这个是违法的行为？还明知故犯！,,,,3015,,,,,,,,,,,,,,,,,,,,
3,FALSE,0,3015,鉴于你积极的道歉，警官暂时放了你们一马，不过你付出了500金币作为罚款……,,,,,,-500,,,,,,,,,,,,,,,,,,
3,FALSE,0,3016,哎呀，朋友真是没劲，宝贝就不舍得卖给我嘛，不要自己吃独食呀，也行吧！那我就买几包葡萄回去试试效果啦。,,,,,,,,,,,,,,,,,,,,,,,,
3,FALSE,0,3017,（拿在手里转了转）这葡萄晶莹剔透，酿出的酒一定好喝，我先暂定一批，不过感觉他还不够劲，哈哈哈，倒是想问一句朋友，还有没有刺激一点的东西？,,展示灵魂香草,,3011,,,不展示，没有货物了,,3018,,500,,,,,,,,,,,,,
3,FALSE,0,3018,好吧！也不错！那我就买几包葡萄回去试试效果，等我做出来了，下次再带给朋友喝，哈哈哈，合作愉快！,,,,,,,,,,,,,,,,,,,,,,,,
4,FALSE,3,4001,呃……您好，请问，有人吗？我今天刚巧路过这里……但是我想我得告诉你一些事……一些好事和一些坏事，不知道您想听哪个……,,有人有人~请问您是哪位？有什么事情吗,,4002,,,,,,,,,,,,,,,,,,,,
4,FALSE,3,4002,啊……抱歉，忘了介绍，我是……,,,,,,,,,,,,,,,,,,,,,,4003,,
4,FALSE,3,4003,（打断）他是皇宫里的火法师！今天出来修行，刚巧路过你这，怎么的，来这算是你的荣幸，还不快点给我们表示表示？！,,啊……谁在说话？这是什么情况？,,4004,,,,,,,,,,,,,,,,,,,,
4,FALSE,3,4004,啊……抱歉，忘了介绍，这位是……（原来柜台下面还有一个人）,,,,,,,,,,,,,,,,,,,,,,4005,,
4,FALSE,3,4005,（打断）哎呀你怎么说话总是这么慢悠悠的，急死我了！！你可以叫我火焰领主，哈哈哈，我是他大哥，今天我带他出来修行，没想到这孩子刚才干了点坏事，我就说你别管了，你瞧瞧，这孩子还非要来找你，真是的！,,原来是大名鼎鼎的火法师啊！久仰久仰，那还请问……到底是出了什么事呢？,,4006,,,,,,,,,,,,,,,,,,,,
4,FALSE,3,4006,,,听听好事,,4009,,,听听坏事,,4008,,,,,,,,,,,,,,,
4,FALSE,3,4007,好事就是……,,,,,,,,,,,,,,,,,,,,,,,,
4,FALSE,3,4008,坏事就是……,,,,4013,,,,,,,,,,,,,,,,,,,,
4,FALSE,3,4009,哈哈哈，好事嘛，好事就是刚才我和小弟路过你这的时候，看到一群黑影似的东西正在偷摘你园子里种的东西！这老子能忍？直接一个熔岩吐息过去，给他们打跑了！你的东西保住了！,,哇，这也太谢谢您了，怎么天底下还有偷东西的人！大爷您真是干的漂亮啊！诶……可是，那坏事呢……,,4010,,,,,,,,,,,,,,,,,,,,
4,FALSE,3,4010,啊……坏事……你的草……,,,,4011,,,,,,,,,,,,,,,,,,,,
4,FALSE,3,4011,诶，其实也算不上坏事啦，刚才老子不是一口吐息过去嘛，就是误伤了你的一片地，好像种的是什么灵魂之草，听起来就很没用是吧？小弟你看，没啥事嘛，你还非要过来……,,烧……烧坏？！（看向窗外果然一片焦黑）还真的是这样……你！……你知道我这些值多少钱吗！你！你就是这么管的你的精灵的吗！！,,4012,,,,,,,,,,,,,,,,,,,,
4,FALSE,3,4012,抱……抱歉……可是都已经这样了……,,毕竟是火法师，加上旁边还有一个奇怪的东西，这次就算了吧……,,4016,,,这火法师看着还挺诚恳，但这精灵确实也不好对付，试试让他原价赔偿吧,,4023,,,不行！我的灵魂草这么贵，怎么可能说没就没了！！他必须偿还！而且不止这些！,,4026,,,,,,,,,,
4,FALSE,3,4013,诶，坏事嘛，就是刚刚我和小弟路过你这的时候，小弟非要让我用我的熔岩吐息试试看，我这一试不就没控制住嘛，烧坏了你一小片地，种的好像是什么灵魂之草，你再种一次就好了嘛，小弟你看，没啥事嘛，你还非要过来……,,烧……烧坏？！（看向窗外果然一片焦黑）还真的是这样……你！……你知道我这些值多少钱吗！你！你就是这么管的你的精灵的吗！！,,4014,,,,,,,,,,,,,,,,,,,,
4,FALSE,3,4014,诶，别急嘛，消消气，这不是还有好事嘛,,地都烧了！还能有什么好事！难道你把我的地恢复了？,,4015,,,,,,,,,,,,,,,,,,,,
4,FALSE,3,4015,emmm，我们怎么能有这个能力呀，这个能力只有王子才会呢，我想说的好事是，刚才我用熔岩吐息也是好心的！还不是看到一群黑影似的东西正在偷摘你园子里种的东西！这老子能忍？直接一个熔岩吐息过去，给他们打跑了！你的东西保住了！,,毕竟是火法师，加上旁边还有一个奇怪的东西，这次就算了吧……,,4016,,,这火法师看着还挺诚恳，但这精灵确实也不好对付，试试让他原价赔偿吧,,4023,,,不行！我的灵魂草这么贵，怎么可能说没就没了！！他必须偿还！而且不止这些！,,4026,,,,,,,,,,
4,FALSE,3,4016,啊……朋友……你竟然不怪我吗……,,,,4017,,,,,,,,,,,,,,,,,,,,
4,FALSE,3,4017,哈哈哈，我说的嘛，老板的那些草，无关紧要啦！小弟你别紧张……,,,,4018,,,,,,,,,,,,,,,,,,,,
4,FALSE,3,4018,你闭嘴……怎么可能不重要，那可是……灵魂之草……老板，我们不能什么都不给，你有什么需要，我们一些竭尽所能……,,,,4019,,,,,,,,,,,,,,,,,,,,
4,FALSE,3,4019,好好好，哥这次听你的，那老板你说吧，我们就勉强帮你做点事情！,,让火焰精灵帮忙把后厨的食材处理一下，这样能省下不少炭火,,4020,,,前一阵商人留下了一块秘银锭，让火焰精灵把他炼成器具,,4021,,,让火焰精灵留下一颗火种，日后我也许能驱逐森林里的怪物,,4022,,,,,,,,,,
4,FALSE,3,4020,（仅仅几秒的时间，火焰精灵就帮你把后厨的鸡肉，牛肉全部烤熟了，不仅省去了炭火的钱，还节省了大量的时间）,,,,,,,,,,,,,,,,,,,,,,,,
4,FALSE,3,4021,（秘银锭在短短的时间内，被火焰精灵打造成了一把银质长剑，十分耀眼，看起来这把剑将来一定能卖个好价钱！）,,,,,,,,,,,,,,,,,,,,,,,,
4,FALSE,3,4022,（火焰精灵去园子门口不舍的留下了他的一滴眼泪，一束耀眼的火光熊熊燃烧着，想必以后那些森林野狼再也不敢过来园子里了！）,,,,,,,,,,,,,,,,,,,,,,,,
4,FALSE,3,4023,啊……朋友……你这么好……我觉得……你损失的……不仅仅是这些啊……放心……我会一五一十赔给你的,,,,4024,,,,,,,,,,,,,,,,,,,,
4,FALSE,3,4024,哎，你这老板，真没意思啊，算了，老子也不跟你计较了，不就是想要钱吗，小弟，给他就是了！,,,,4025,,,,,,,,,,,,,,,,,,,,
4,FALSE,3,4025,（火法师将你预估价值的金币赔给了你，但就像法师所说，你感觉你损失的，不仅仅是这些……）,,,,,,,,,,,,,,,,,,,,,,,,
4,FALSE,3,4026,啊……朋友……确实……都怪……,,,,4027,,,,,,,,,,,,,,,,,,,,
4,FALSE,3,4027,啊？！你要干什么！学会碰瓷了是不是！你这破东西才多少钱！还要我们再加东西给你！小弟，你别说话了，看我一个烈焰风暴把他的小店给……,,,,4028,,,,,,,,,,,,,,,,,,,,
4,FALSE,3,4028,（话音突然中断，火焰精灵不见了，原来你发现法师一把将他召唤回去了）抱歉……朋友……你不用理他……这精灵就这样子……朋友说的对……确实是我一手造成的……我会一五一十赔给你……另外，你看看我这有什么想要的，我竭尽所能……,,向火法师索要一件法器,,4029,,,让火法师教自己几个高阶技能,,4030,,,让火法师把火焰精灵交出来,,4031,,,,,,,,,,
4,FALSE,3,4029,（火法师将自己的火焰之心项链赠与了你，这宝贝，看着应该值不少钱吧）,,,,,,,,,,,,,,,,,,,,,,,,
4,FALSE,3,4030,（火法师犹豫了一会，跟你说明你并没有火焰天赋，去学会任何技能，随后他只赔偿了金币，便离开了）,,,,,,,,,,,,,,,,,,,,,,,,
4,FALSE,3,4031,朋友……您说笑了……他就是我啊……我把他给您了……我就再也没法保护王国了……实在抱歉……这是赔给您的金币，我先走了……,,,,,,,,,,,,,,,,,,,,,,,,
5,FALSE,3,5001,诶，小伙子，咳咳……我是东边村里的，我听隔壁说你们这东西，卖的挺全，我就拉我的车过来了，你给我介绍介绍呗，这都有啥啊，咳咳……,,介绍特制草料：大叔，您可以看一下，这些是我们卖的很好的一批草料，都是用毛球草研磨的，您看看要不要装一批回去呀？,,5002,,,,,,,,,,,,,,,,,,,,
5,FALSE,3,5002,啊……咳咳……这个草料，看着也就一般般啊，他和我家的有啥区别啊？我家的草料我家小马吃的也不错呢……,,这草料便宜，量又足，同样的价钱，您家里吃两天，我这种能吃一周呢,,5003,,,这草料味道独特，颜色鲜艳，营养价值也不是一般草料能比的呢 ,,,,,,,,,,,,,,,,,
5,FALSE,3,5003,啊……挺好挺好……那你这个是怎么卖的啊……咳咳,,我们这个是一袋20金币，如果您多买的话，可以给您便宜点,,5004,,,,,,,,,,,,,,,,,,,,
5,FALSE,3,5004,哦哦……这样啊……可是我不确定我门口那个小车能不能装的下啊……那你说说价格吧,,5袋100金币,,5005,,,20袋300金币,,5006,,,50袋700金币,,5007,,,,,,,,,,
5,FALSE,3,5005,咳咳……行，那先给我装车上吧，感觉现在重量还可以，咳咳……你这还有没有别的好东西啊……我再看看,,大叔，这个是我们这特制的栅栏，不仅美观，而且完全，能够很完美的保护您的农场,,5008,,,大叔，这个是我们这特制的镰刀，很锋利也很高效，对您的耕地工作有很大帮助呢,,5009,,,大叔，这个是我们这特制的犁具，用秘银制成，您回去只需要挂在您的小马身上就好啦，谁用谁知道,,5010,,,,,,,,,,
5,FALSE,3,5006,咳咳……行，那先给我装车上吧，诶，稍微有点重……咳咳……你这还有没有别的好东西啊……我再看看,,大叔，这个是我们这特制的栅栏，不仅美观，而且完全，能够很完美的保护您的农场,,5014,,,大叔，这个是我们这特制的镰刀，很锋利也很高效，对您的耕地工作有很大帮助呢,,5015,,,大叔，这个是我们这特制的犁具，用秘银制成，您回去只需要挂在您的小马身上就好啦，谁用谁知道,,5016,,,,,,,,,,
5,FALSE,3,5007,咳咳……行，那先给我装车上吧，诶，稍微有点重……咳咳……你这还有没有别的好东西啊……我再看看,,大叔，这个是我们这特制的栅栏，不仅美观，而且完全，能够很完美的保护您的农场,,5020,,,大叔，这个是我们这特制的镰刀，很锋利也很高效，对您的耕地工作有很大帮助呢,,5021,,,大叔，这个是我们这特制的犁具，用秘银制成，您回去只需要挂在您的小马身上就好啦，谁用谁知道,,5022,,,,,,,,,,
5,FALSE,3,5008,啊……挺好挺好……那你这个是怎么卖的啊……咳咳,,400金币,,5011,,,,,,,,,,,,,,,,,,,,
5,FALSE,3,5009,啊……挺好挺好……那你这个是怎么卖的啊……咳咳,,200金币,,5012,,,,,,,,,,,,,,,,,,,,
5,FALSE,3,5010,啊……挺好挺好……那你这个是怎么卖的啊……咳咳,,700金币,,5013,,,,,,,,,,,,,,,,,,,,
5,FALSE,3,5011,哎哟……不错不错，还能装的下，而且还有一些空位……没关系，等下次我再来吧，谢谢小伙子啊，咳咳……,,,,,500,,,,,,,,,,,,,,,,,,,
5,FALSE,3,5012,哎哟……不错不错，还能装的下，而且还有一些空位……没关系，等下次我再来吧，谢谢小伙子啊，咳咳……,,,,,300,,,,,,,,,,,,,,,,,,,
5,FALSE,3,5013,哎哟……不错不错，还能装的下，而且还有一些空位……没关系，等下次我再来吧，谢谢小伙子啊，咳咳……,,,,,800,,,,,,,,,,,,,,,,,,,
5,FALSE,3,5014,啊……挺好挺好……那你这个是怎么卖的啊……咳咳,,400金币,,5017,,,,,,,,,,,,,,,,,,,,
5,FALSE,3,5015,啊……挺好挺好……那你这个是怎么卖的啊……咳咳,,200金币,,5018,,,,,,,,,,,,,,,,,,,,
5,FALSE,3,5016,啊……挺好挺好……那你这个是怎么卖的啊……咳咳,,700金币,,5019,,,,,,,,,,,,,,,,,,,,
5,FALSE,3,5017,哎哟……不错不错，还能装的下，而且还有一些空位……没关系，等下次我再来吧，谢谢小伙子啊，咳咳……,,,,,700,,,,,,,,,,,,,,,,,,,
5,FALSE,3,5018,哎哟……不错不错，还能装的下，而且还有一些空位……没关系，等下次我再来吧，谢谢小伙子啊，咳咳……,,,,,500,,,,,,,,,,,,,,,,,,,
5,FALSE,3,5019,哎哟……不错不错，我的车刚好装满了，真的是多一点东西都不行了呢，那我先走了，谢谢你啊，小伙子，咳咳……,,,,,1000,,,,,,,,,,,,,,,,,,,
5,FALSE,3,5020,啊……这个也不错……也不错……这个多少钱啊……咳咳,,400金币,,5023,,,,,,,,,,,,,,,,,,,,
5,FALSE,3,5021,啊……这个也不错……也不错……这个多少钱啊……咳咳,,200金币,,5024,,,,,,,,,,,,,,,,,,,,
5,FALSE,3,5022,啊……这个也不错……也不错……这个多少钱啊……咳咳,,700金币,,5025,,,,,,,,,,,,,,,,,,,,
5,FALSE,3,5023,哎哟……不错不错……诶，等等，我的车好像装不下这个了呀，咳咳……小伙子对不起啦，这个我下次再来买吧……,,,,,700,,,,,,,,,,,,,,,,,,,
5,FALSE,3,5024,哎哟……不错不错，还能装的下，而且还有一些空位……没关系，等下次我再来吧，谢谢小伙子啊，咳咳……,,,,,900,,,,,,,,,,,,,,,,,,,
5,FALSE,3,5025,哎哟……不错不错……诶，等等，我的车好像装不下这个了呀，咳咳……小伙子对不起啦，这个我下次再来买吧……,,,,,700,,,,,,,,,,,,,,,,,,,
6,FALSE,3,6001,你好，请问……这里有卖药的吗……哎……或者说医生之类的……,,您好啊，药是有的，但是不知道您想要哪种,,6002,,,您看起来气色不太好……请问，您这边是遇到了什么情况呢？不妨跟我讲讲？,,6010,,,抱歉，我们这里没有什么药，建议您去东部小镇那边找找医生吧,,6011,,,,,,,,,,
6,FALSE,3,6002,哎……有药吗？！！你就把所有的都给我拿出来……我看看吧……,,一共大概就是这几种，您看看需要哪些，都是由我们这珍贵材料制成的呢,,6003,,,呃，朋友，建议您先给我讲讲您的情况，我再卖给你药，好吗？,,6010,,,,,,,,,,,,,,,
6,FALSE,3,6003,哎……这个……灵魂之心胶囊，治疗心脏疑难杂症……这个真的能有用吗！感觉应该可以……给我包装一下吧,,好的，给您包装好了，对了，我们这还有一个秘制膏药，您要不要再看看呢？,,6004,,,好的，给您包装完毕了，希望能治好您的病，慢走啦,,,500,,朋友，这个药暂时不能卖给你，之前有人预定了……实在抱歉啊,,6007,,,,,,,,,,
6,FALSE,3,6004,哎……这个是……毛球草软膏……治疗四肢无力……我就是这个症状呀！感觉应该也行……那这个我也要了……,,好的！两个药都给您包好了，但是您不看看这个吗？这个可是我们这独有的，很多人吃了都解决了失眠的问题呢！,,6005,,,好的，给您包装完毕了，希望能治好您的病，慢走啦,,,900,,,,,,,,,,,,,,
6,FALSE,3,6005,哎……这又是……冰草含片……治疗失眠，促进睡眠，这…………,,,,,,,,,,,,,,,,,,,,,,,,
6,FALSE,3,6006,哎……确实……我这几天天天都在失眠……这个我也要了，太好了……谢谢你！！希望我回去吃完可以变好！,,好的，给您包装完毕了，希望能治好您的病，慢走啦,,,1200,,,,,,,,,,,,,,,,,,,
6,FALSE,3,6007,哎……预定了吗…………可是……那样我的病就好不了了……我难道要死了吗……,,好吧，朋友那我破格把这个卖给你吧！后面遇到问题我自己处理就好，真的希望你可以快点好起来,,6009,,,抱歉……真的没法卖给您……您去别处看看吧,,6008,,,,,,,,,,,,,,,
6,FALSE,3,6008,（对方受到刺激后，抢了胶囊就直接跑远了，你尝试去追，但后面顾客已经等不及了，你只好放弃）,,,,,-200,,,,,,,,,,,,,,,,,,,
6,FALSE,3,6009,哎……真的吗！那太好啦！,,好的，给您包装完毕了，希望能治好您的病，慢走啦,,,500,,,,,,,,,,,,,,,,,,,
6,FALSE,3,6010,哎………就是觉得自己得了一种怪病，最近变的乏力疲倦……感觉路都走不动了，我听朋友说你这边有好东西，就赶过来了……,,这样的呀，我这边确实是有一些药，但都是治疗一些常见病的，不知道能不能帮到你,,6003,,,朋友，您的病我没有遇到过，我也不敢轻易给你卖药，不如你去东部小镇去找医生看看，怎么样？,,6011,,,,,,,,,,,,,,,
6,FALSE,3,6011,哎……连这里，也不行吗……哎……好吧……我已经走了半个大陆了……东边小镇的医生，真的有用吗……,,,,,,,,,,,,,,,,,,,,,,,,
7,FALSE,3,7001,哎呀~终于到了~这就是那个小店？乔治，去看看里面什么情况~,,哇，这不是伯爵大人吗，您怎么来了，快请坐！您想喝点什么？,,7002,,,,,,,,,,,,,,,,,,,,
7,FALSE,3,7002,哎呀~不必了不必了，不用这么客气~况且这次我来呢~也不是想买什么东西~就是想告诉你一件事~,,,,7003,,,,,,,,,,,,,,,,,,,,
7,FALSE,3,7003,具体的事情呢~就是有人之前给我们写了封举报信，说你的小店有出售违禁的物品~来你说说吧，这是什么情况呀~,,伯爵大人，我店里真的不可能有什么违禁品的，我可以请您搜一遍，如果有的话，我可以为这个事情负责！,,7004,,,是举报的人有问题,伯爵大人，我店里怎么可能会有那些东西呢，我都是卖一些日常必需品呀，肯定是那个人造假了！,7011,,,,,,,,,,,,,,,
7,FALSE,3,7004,哎哟哟~小伙子~不承认是吧？那乔治你去搜搜他们这~看看有没有什么可疑的东西~有的话我看他还能说什么~,,任凭搜查,,7005,,,制止,伯爵大人，我觉得不必了，是我自己没记清楚，嘿嘿，您看看怎么处理好吧,7010,,,,,,,,,,,,,,,
7,FALSE,3,7005,（经过几分钟的搜查，伯爵发现了你店里的灵魂香草以及黑色的锅铲和一些黑色物质）,,,,,,,,,,,,,,,,,,,,,,,,
7,FALSE,3,7006,哎呀呀！！这是什么~你来说说~小伙子还想骗我哦~而且违禁品是次要的~这些黑色物质你难道不知道是什么！还不主动汇报给我？！！,,一定是有人陷害我！,,7007,,,把灵魂香草送给他，请求原谅,伯爵大人，刚才确实是我的错，然后这些黑色物质，我确实不知道是什么呀，您看看能不能原谅小弟一次，这些香草全部送给您，嘿嘿,7008,,,给他一些钱，试图请求原谅,伯爵大人，刚才确实是我的错，这些金币，是我的一点心意，您看能不能放过小弟一马，嘿嘿,7009,,,,,,,,,,
7,FALSE,3,7007,好啊~还不承认是吧~那这个罚款单送给你哦~顺便提醒下~如果你一周内还不管不顾的话~你的小店就别想要了~,,,,,,,,,,,,,,,,,,,,,,,,
7,FALSE,3,7008,好啊你小子~（闻了闻灵魂香草）嗯~行吧~在下也不是非得找你麻烦~但你私藏这些黑色物质的行为，还是要罚的哦~,,,,,,,,,,,,,,,,,,,,,,,,
7,FALSE,3,7009,好啊你小弟~你觉得我缺你这点钱吗~还敢贿赂我！这个罚款单送你~外加了贿赂行为的罚款哦~顺便提醒下~一周之内还不管的话~你的小店就别想要了哦~,,,,,,,,,,,,,,,,,,,,,,,,
7,FALSE,3,7010,嗯~还算你小子懂事~看在这个份上就少罚你点吧~这个罚款单送给你哦~顺便提醒下~如果你一周内还不管不顾的话~你的小店就别想要了~,,,,,,,,,,,,,,,,,,,,,,,,
7,FALSE,3,7011,哎呀呀~造假？怎么可能呢~你看看~这是举报者给我寄过来的小票凭证~这不是写着“售出灵魂香草10株“，你说说这怎么假了~,,这个小票本来就是伪造的！,,7012,,,我的店里不可能存在这种东西！,,7004,,,确实是真的，我愿意接受惩罚,7010,,,,,,,,,,,
7,FALSE,3,7012,哎呀呀~你看看上面打印的东西呀~你不会眼神不好吧？~去哪伪造呀~怎么~是你老实交代~还是我去搜搜看啊~,,任凭搜查,,7005,,,制止,伯爵大人，我觉得不必了，是我自己没记清楚，嘿嘿，您看看怎么处理好吧,7010,,,,,,,,,,,,,,,
8,FALSE,3,8001,先生您好，今天有您的一封信，我先给您放门口邮箱啦,,好的邮递先生，谢谢！,拿来看看,,,,,,,,,,,,,,,,,,,,,
8,FALSE,3,8002,亲爱的XXX先生，您好！哎……不知道您还记不记得我了……,,这信……是之前的酒吧老板写来的？,,,,,这信……是之前那个生病的女孩写来的？,,,,,这信……是之前的冰法师写来的？,,,,,这信……是之前的农夫写来的？,,,,,,,
8,FALSE,3,8003,,,继续读读看,,,,,,,,,,,,,,,,,,,,,,
8,FALSE,3,8004,哎……其实给您写信也没什么想说的………我就是想告诉您……我之前得的病……,,,,,,,,,,,,,,,,,,,,,,,,
8,FALSE,3,8005,在吃完您给我的药之后……还是没什么变化……哎……这也许就是命吧……本来我想今天去你店里的……可是我已经走不动了……,,,,,,,,,,,,,,,,,,,,,,,,
8,FALSE,3,8006,老实说也不是走不动……好像是身边的人……已经没有人可以看的到我了……我不知道究竟发生了什么……可能我真的不会好起来了吧……,,,,,,,,,,,,,,,,,,,,,,,,
8,FALSE,3,8007,哎……还是不要那么悲观了！我就是想写封信，谢谢你对我的帮助！你给我的药，我没用上的，我给我的朋友用了！特别好用！哎……不过对我……果然还是不行呢……,,,,,,,,,,,,,,,,,,,,,,,,
8,FALSE,3,8008,最后，祝您的店生意兴隆！哎……希望我们还可以再见面,,这……她看起来貌似情况不太好……我应该怎么办？,,,,,,,,,,,,,,,,,,,,,,
8,FALSE,3,8009,,,喂！先生，您等等，我有一个请求，能不能帮我寄一封信，我写快点！,趁邮递马车还在，给她回一封信,,,,把信收起来，继续工作,,,,,,,,,,,,,,,,,
8,FALSE,3,8010,（远处传来邮递先生的叫喊声）先生，没有需要我做的了吧？没有我可就出发了！,,给她回一封信,,,,,当做无事发生,,,,,,,,,,,,,,,,,
8,FALSE,3,8011,（马车远远离开，信件被永远保存了起来，你也不知道那个女孩过的究竟怎么样……）,,,,,,,,,,,,,,,,,,,,,,,,
8,FALSE,3,8012,,,喂！先生，您等等，我有一个请求，能不能帮我寄一封信，我写快点！,,,,,,,,,,,,,,,,,,,,,,
8,FALSE,3,8013,行吧行吧，给你2分钟，你快点写啊，我这马着急啦都,,拿起笔,,,,,,,,,,,,,,,,,,,,,,
8,FALSE,3,8014,亲爱的女孩：朋友你好，我看过你寄过来的信了，我很开心能再次和你联系上！看完你的信之后……,,我觉得你现在过的很开心！真替你高兴！,,8015,,,我发现你现在情况不太好……病情也很严重……,,8015,,,我很担心你……很想去你的小镇看看你,,8015,,,,,,,,,,
8,FALSE,3,8015,我想起来那一天下午，你匆匆的赶过来，说……,,自己得了一种怪病，最近变的乏力疲倦，感觉路都走不动了,,8016,,,自己想去找个医生看看，但不知道附近哪里有医院,,8016,,,自己被坏人刺伤，想到我这买一些外用药,,8016,,,,,,,,,,
8,FALSE,3,8016,看到你脸色特别苍白，像是几天都没有睡好觉了，我真的特别担心你的身体，想让你赶紧好起来！可是看来我当时的药，并没有起到作用……抱歉……,,,,8017,,,,,8017,,,,,8017,,,,,,,,,,
8,FALSE,3,8017,不过多亏了你的来信！我店里最近来了一批异域的旅人，我从他们那换来了一些异域的药材！对你肯定有用！我打算给你把这个……,,灵魂之心胶囊,,8019,-500,,毛球草软膏,,8020,-300,,星辉花,,8021,-800,,,,,,,,,
8,FALSE,3,8018,给你寄过去！一周应该就会到，相信我，这个一定有用！最后也没什么了，希望你保持良好的状态！保持和我联系，你一定能很快就好起来的！,,,,,,,,,,,,,,,,,,,,,,,,
8,FALSE,3,8019,（邮递先生取走了信件，你支付了邮递费并且把灵魂之心胶囊也寄了过去，你不确定这些有没有用，但还是希望她真的可以好起来吧……）,,,,,,,,,,,,,,,,,,,,,,,,
8,FALSE,3,8020,（邮递先生取走了信件，你支付了邮递费并且把毛球草软膏也寄了过去，你不确定这些有没有用，但还是希望她真的可以好起来吧……）,,,,,,,,,,,,,,,,,,,,,,,,
8,FALSE,3,8021,（邮递先生取走了信件，你支付了邮递费并且把星辉花也寄了过去，你不确定这些有没有用，但还是希望她真的可以好起来吧……）,,,,,,,,,,,,,,,,,,,,,,,,
9,FALSE,3,9001,………………,,先生，请问您需要什么？,,9002,,,,,,,,,,,,,,,,,,,,
9,FALSE,3,9002,哼，你这个是个小店是吧？（这个先生看起来怪怪的，怎么说呢，似乎有一点暗？）,,是的呀，抱歉……请问您需要什么呢？,,9003,,,为什么这么问？,是的呀，是我的小店，但请问您为什么这么问呢？,9021,,,,,,,,,,,,,,,
9,FALSE,3,9003,哼，你觉得我想知道什么？,,黑色物质,,9004,,,店里有什么好东西,,9017,,,关于法师的事情,,9020,,,,,,,,,,
9,FALSE,3,9004,哼，还算你小子明白，那我直接问你，你最近有没有见到过带黑色物质的东西？,,有见过，现在就在我的店里,,9005,,,抱歉，没有见过,,9016,,,,,,,,,,,,,,,
9,FALSE,3,9005,嗯？是些什么东西，拿出来给我看看？,,拿出黑色锅铲和黑色宝石,,9006,,,找个借口不出示,,9015,,,,,,,,,,,,,,,
9,FALSE,3,9006,果然啊……连这么小的宝石，都可以沾染吗……,,这些东西是干什么用的？,,9007,,,宝石有什么特殊的？,,9013,,,,,,,,,,,,,,,
9,FALSE,3,9007,哼，首先，感谢你信任我，我叫埃辛，是东部国王的王子，我最近在调查黑色物质的事情,,,,9008,,,,,,,,,,,,,,,,,,,,
9,FALSE,3,9008,我说直接一点，这些黑色物质，是异界的入侵者投放到我们世界里的，一旦这些物质遍布大陆一定数量，我们的世界就危险了,,那我们现在怎么办,,9009,,,,,,,,,,,,,,,,,,,,
9,FALSE,3,9009,哼，其实我也不知道该怎么办，我现在唯一知道的，就是入侵者在完成这个条件后，要亲自举行一个【仪式】，但具体，我还需要继续调查,,我相信你！我可以帮助你！,,9010,,,原来如此……,,9011,,,,,,,,,,,,,,,
9,FALSE,3,9010,哼，你小子还不傻，再次谢谢你信任我，其实我也不用你做什么，我唯一要告诉你的话就是：【相信你相信的人】,,,,9012,,,,,,,,,,,,,,,,,,,,
9,FALSE,3,9011,哼，朋友，不管怎样还是要谢谢你给我展示这些东西，时间紧迫，我继续去调查了，我这里唯一要告诉你的话就是：【相信你相信的人】,,,,9012,,,,,,,,,,,,,,,,,,,,
9,FALSE,3,9012,【相信你相信的人】，这个神秘王子又是谁呢？他会不会就是入侵者？算了，先暂时不管他吧……,,,,,,,,,,,,,,,,,,,,,,,,
9,FALSE,3,9013,我这么跟你说吧，这么黑色物质，是异界入侵者投放到我们世界的，一旦这些物质遍布大陆一定数量，我们的世界就危险了,,,,9014,,,,,,,,,,,,,,,,,,,,
9,FALSE,3,9014,我之所以说宝石，是因为，再小，再纯净的东西，都会被他沾染,,那我们现在怎么办,,9009,,,,,,,,,,,,,,,,,,,,
9,FALSE,3,9015,好吧好吧，既然这样，我就去别处了，最后奉劝你一句，不要轻易相信任何人，或者说，可疑的人,,,,,,,,,,,,,,,,,,,,,,,,
9,FALSE,3,9016,哼，没见过是吧，好吧，我不知道你是不是在骗我，但我想告诉你的是，你最好把实话告诉我，这关系到很大的事情,,抱歉，刚才太警惕了，这些东西就在我的店里,,9005,,,抱歉先生，我真的没有见到过,,9015,,,,,,,,,,,,,,,
9,FALSE,3,9017,哼，果然是个傻子啊，你觉得我需要你店里的破烂？,,关于法师的事情,,9018,,,黑色物质,,9019,,,,,,,,,,,,,,,
9,FALSE,3,9018,好吧好吧，你既然想要敷衍我，那我觉得我们也没什么可以聊得了，最后奉劝你一句，不要轻易相信任何人，或者说，可疑的人,,,,,,,,,,,,,,,,,,,,,,,,
9,FALSE,3,9019,哼，还算你小子明白，那我直接问你，你最近有没有见到过带黑色物质的东西？,,有见过，现在就在我的店里,,9005,,,抱歉，没有见过,,9016,,,,,,,,,,,,,,,
9,FALSE,3,9020,哼，果然是个傻子啊，我知道那些蠢货的事情干嘛？,,店里有什么好东西,,9018,,,黑色物质,,9019,,,,,,,,,,,,,,,
9,FALSE,3,9021,哼，我跟你直说吧，你的店里，有没有最近看到过一些带颜色的东西，或者说是，沾染,,您说的是黑色物质？,,9019,,,抱歉，没有见到,,9016,,,,,,,,,,,,,,,
10,FALSE,3,10001,先生你好，请问您有时间吗，我们能聊两句吗？,,有人有人，来啦（这个客人看起来怪怪的，感觉像是一位旅客）先生请问，您有什么事情？,,10002,,,,,,,,,,,,,,,,,,,,
10,FALSE,3,10002,啊……其实我也没什么事情，就是想看看你这里的货，您能否带我转转？,,去地下仓库聊聊,,10003,,,去门口院子逛逛,,10003,,,,,,,,,,,,,,,
10,FALSE,3,10003,先生，谢谢你明白我的意思，我长话短说，我叫泰姆斯，我想跟您说一件事情，您可能不会相信，但我必须告诉您：【我来自未来】,,你是怎么做到的？,,10004,,,,,,,,,,,,,,,,,,,,
10,FALSE,3,10004,怎么做到的……这就说来话长了，简短的说，我是一名旅客，那天我和朋友们去北域的海上航行，挂起来暴风雨，我们的船翻了，我晕了过去，当我觉得我要死了的时候，一个传送门出现在我面前……,,然后你走了进去？,,10005,,,,,,,,,,,,,,,,,,,,
10,FALSE,3,10005,是的，当时的我饥饿无比又疲惫，我别无选择，但我进去之后，我看到的，确实噩梦一般的景象……,,你看到了什么？,,10006,,,,,,,,,,,,,,,,,,,,
10,FALSE,3,10006,我看到的是一个过程，具体说的话，是这个大陆未来几个月的变化，而我就像一个旁观视角一样，却不能做什么，东部王国覆灭，王子死亡，国王出兵……以及一片乌泱泱的…………黑色,,你怎么证明你说的是真的？,,10007,,,为什么我必须要知道这些？,这……先生，我恐怕不太能接受，而且，我也不明白，为什么您一定要和我说？,10010,,,,,,,,,,,,,,,
10,FALSE,3,10007,诶……我理解朋友，我之前跟谁说这些，他们都觉得我疯了，但我知道，我看到的是真的……恐怖的景象,,,,10008,,,,,,,,,,,,,,,,,,,,
10,FALSE,3,10008,如果您不信的话，我可以告诉您在下周二的午时，东部王国的城堡围墙将会布满黑色，随后国王会出兵侦查，但我并不想等到那时候了！我现在务必要跟你说明情况！,,为什么我必须要知道这些？,这……先生，我恐怕不太能接受，而且，我也不明白，为什么您一定要和我说？,10009,,,,,,,,,,,,,,,,,,,,
10,FALSE,3,10009,因为……我知道您这里有【黑色物质】,,你是怎么知道的？,,10011,,,,,,,,,,,,,,,,,,,,
10,FALSE,3,10010,因为……我知道您这里有【黑色物质】,,你是怎么知道的？,,10014,,,,,,,,,,,,,,,,,,,,
10,FALSE,3,10011,自从我第一次进入那个传送门后，我发现这个旁观视角可以一遍遍的执行，就像时间倒流一样，于是我看到了大陆上发生的一切，包括您这里……,,所以，现在该怎么办？,,10012,,,,,,,,,,,,,,,,,,,,
10,FALSE,3,10012,我观察到……未来会有一些可疑的人来你这里索要一些信息或者物品，大多数是皇室的人，其中可能存在黑色物质的掌控者，我不确定，但我希望您帮我做的事情就是【相信你相信的人】,,朋友，我还是不太相信……这一切是真的,,10013,,,我尽我所能,,10013,,,,,,,,,,,,,,,
10,FALSE,3,10013,朋友，希望你认真听我的话，你的一举一动，是可以改变这个世界的！我下一步准备去皇宫里，虽然他们可能不会待见我，我还会再来的，朋友,,,,,,,,,,,,,,,,,,,,,,,,
10,FALSE,3,10014,自从我第一次进入那个传送门后，我发现这个旁观视角可以一遍遍的执行，就像时间倒流一样，于是我看到了大陆上发生的一切，包括您这里……,,你怎么证明你说的是真的？,,10015,,,,,,,,,,,,,,,,,,,,
10,FALSE,3,10015,诶……我理解朋友，我之前跟谁说这些，他们都觉得我疯了，但我知道，我看到的是真的……恐怖的景象,,,,10016,,,,,,,,,,,,,,,,,,,,
10,FALSE,3,10016,如果您不信的话，我可以告诉您在下周二的午时，东部王国的城堡围墙将会布满黑色，随后国王会出兵侦查，但我并不想等到那时候了！我现在务必要跟你说明情况！,,所以，现在该怎么办？,,10012,,,,,,,,,,,,,,,,,,,,
11,FALSE,3,11001,嘿！朋友，有喝的吗，渴死我了，先给我来一大杯，特色的！,,准备薄荷啤酒,,11002,,,准备【夏日凉风】,,11004,,300,准备橙汁,,11017,,,,,,,,,,
11,FALSE,3,11002,嗯，口感还可以啊，清爽！兄弟有没有时间，陪我聊聊天？,,当然可以，朋友这是从哪过来的呀，看着不像是本地人呀,,11003,,,,,,,,,,,,,,,,,,,,
11,FALSE,3,11003,诶！说什么呢，一看你这小店就没开多久吧！看没看见这把剑，我是皇宫里的骑兵团团长，这不是前几年王子让我去北边海域，清理那些妖怪！要不然你肯定认识我！,,原来是这样啊，怪我怪我，团长这次回城之后，有什么打算啊！,,11005,,,,,,,,,,,,,,,,,,,,
11,FALSE,3,11004,哇！这口感，相当不错啊，哈哈哈，来！钱拿着，陪哥们聊聊天,,哈哈哈，谢谢朋友，朋友这是从哪过来的呀，看着不像是本地人呀,,11003,,,,,,,,,,,,,,,,,,,,
11,FALSE,3,11005,（咽了一口酒，抹了抹嘴）诶！你要说打算，我还真有，我一共两个打算，而且都需要你的帮助，哈哈哈,,我的帮助？,,11006,,,,,,,,,,,,,,,,,,,,
11,FALSE,3,11006,对，第一个是我这不是好不容易回来了吗，想给我未婚妻带点礼物，我听说你这不错啊，你有没有推荐的？我未婚妻啊，身体不太好，最好来点实用的,,钻石项链,,11007,,,舒适吊床,,11008,,,毛球草枕头,,11009,,500,,,,,,,,
11,FALSE,3,11007,你这个项链是不错，但是也不实用呀！而且看着有点贵，算了算了，看来你这也没啥好东西，我还是跟你说说第二件事吧,,抱歉啊朋友……那您请说？,,11010,,,,,,,,,,,,,,,,,,,,
11,FALSE,3,11008,朋友，你看我门口那匹马，你觉得我能带回去吗？不得把我的马累死啊！算了算了，看来你这也没啥好东西，我还是跟你说说第二件事吧,,抱歉啊朋友……那您请说？,,11010,,,,,,,,,,,,,,,,,,,,
11,FALSE,3,11009,哇！你这小店确实有点东西啊，我买了买了！哈哈哈，钱拿着，我还有第二件事跟你说说,,没问题，您请说？,,11010,,,,,,,,,,,,,,,,,,,,
11,FALSE,3,11010,这第二件事……我想问问你，最近你这里有没有见过一些东西？一些黑色的东西？,,是的，我确实见过,,11011,,,抱歉……这个我真的没有见过,,11015,,,,,,,,,,,,,,,
11,FALSE,3,11011,真的有吗！朋友，情况是这样的，国王给我派了一个任务，让我找些黑色物品回去，而且告诉我你这就有，让我带回去，说是有重要作用，你能把它们交给我吗？,,我怎么相信你？最近……貌似情况很多,,11012,,,抱歉……我不能交给你,,11013,,,可以朋友，你拿走吧！,,11014,,,,,,,,,,
11,FALSE,3,11012,朋友，我能说的只有，我是受国王奉命而来，而且你最应该相信我的，就是我不知道这些黑色物质是干什么的，请你相信我,,可以朋友，你拿走吧！,,11014,,,抱歉……我不能交给你,,11013,,,,,,,,,,,,,,,
11,FALSE,3,11013,好吧……既然是这样，那我也没有办法交差了，不过还是谢谢朋友，虽然你不相信我，但也请你相信你该相信的人吧,,,,,,,,,,,,,,,,,,,,,,,,
11,FALSE,3,11014,谢谢朋友！感谢你，这样我就可以拿回去交差了！之后还来朋友这喝酒，哈哈哈,,,,,,,,,,,,,,,,,,,,,,,,
11,FALSE,3,11015,没有见过吗……可是国王跟我说你这里有的……难道什么地方出问题了……,,把东西拿出来给他看看,,11011,,,继续隐藏,,11016,,,,,,,,,,,,,,,
11,FALSE,3,11016,好吧……既然是这样，那我也没有办法交差了，不过还是谢谢朋友了,,,,,,,,,,,,,,,,,,,,,,,,
11,FALSE,3,11017,啊！这是什么饮料！好难喝！你们这就这些东西吗！,,抱歉抱歉……我给您再倒一杯……,,11018,,-100,,,,,,,,,,,,,,,,,,
11,FALSE,3,11018,哎呀不用不用，这样吧，你陪我聊聊天，怎么样？,,当然可以呀，朋友这是从哪过来的呀，看着不像是本地人呀,,11003,,,,,,,,,,,,,,,,,,,,
12,FALSE,3,12001,先生您好，我是野望村的厨师，我们村下周要举办“神秘美食节”厨艺大赛，这次过来就想咨询咨询，咱们这边有什么特色食材推荐吗，嘿嘿。,,当然有，咱们这资源产出丰富，不妨您详细说说？,,12002,,,不好意思啊先生，我只是一个小店员，这些真不是太知道呢……,,,,,,,,,,,,,,,,,
12,FALSE,3,12002,嘿嘿，其实也没有具体的，参赛要求由三个部分组成，分别是主菜，饮品和餐后甜点，您能否帮我简单推荐推荐呢？,,当然可以，您请问,,12003,,,不好意思啊先生，我只是一个小店员，这些真不是太知道呢……,,,,,,,,,,,,,,,,,
12,FALSE,3,12003,嘿嘿，那太好了！我们村里的人呀，口味刁钻，难伺候的很，常见的他们都吃腻了，不健康的东西他们更不会吃，不知道您这边有没有什么推荐的呢,,秘制鲣鱼,,12004,,,水煮牛肉,,12015,,,凉拌鱿鱼,,12026,,,,,,,,,,
12,FALSE,3,12004,emmm，听起来不错！这个手艺，我们那确实没有人会，那我就定这道菜了！嘿嘿,,,,12005,,,,,,,,,,,,,,,,,,,,
12,FALSE,3,12005,感谢先生推荐！下面还有一个饮品制作，不知道您这边有没有什么独特口味呀，嘿嘿,,冰镇羊奶,,12006,,,泉水,,12010,,,巧克力牛奶,,12014,,,,,,,,,,
12,FALSE,3,12006,哇，这个听起来不错！这个味道，简直完美！先生给我来两桶带回去吧，嘿嘿,,,,12007,,,,,,,,,,,,,,,,,,,,
12,FALSE,3,12007,感谢先生推荐！最后我还有一个请求，就是餐后甜点！拜托先生了！,,榴莲饼,,12008,,500,苹果冰淇淋,,12009,,400,,,,,,,,,,,,,
12,FALSE,3,12008,嗯！这个味道，可以的！不愧是你们这的特产，我要了！嘿嘿，先生谢谢你，希望我比赛顺利！,,,,,,,,,,,,,,,,,,,,,,,,
12,FALSE,3,12009,这个冰淇淋！无比丝滑，味道鲜美，他们一定会爱上的，嘿嘿！先生谢谢你，希望我比赛顺利！,,,,,,,,,,,,,,,,,,,,,,,,
12,FALSE,3,12010,呃……这个泉水，可能有点普通了呢，他们应该不会喜欢吧……,,,,12011,,,,,,,,,,,,,,,,,,,,
12,FALSE,3,12011,感谢先生推荐！最后我还有一个请求，就是餐后甜点！拜托先生了！,,榴莲饼,,12012,,300,苹果冰淇淋,,12013,,200,,,,,,,,,,,,,
12,FALSE,3,12012,嗯！这个味道，可以的！不愧是你们这的特产，我要了！嘿嘿，先生谢谢你，希望我比赛顺利！,,,,,,,,,,,,,,,,,,,,,,,,
12,FALSE,3,12013,这个冰淇淋！无比丝滑，味道鲜美，他们一定会爱上的，嘿嘿！先生谢谢你，希望我比赛顺利！,,,,,,,,,,,,,,,,,,,,,,,,
12,FALSE,3,12014,呃……先生您确定么，这道饮品，他们估计都不会喜欢的……我自己也不喜欢巧克力……,,,,12011,,,,,,,,,,,,,,,,,,,,
12,FALSE,3,12015,emmm，这道菜，他们估计吃过了，别的厨师肯定会做，所以，他们应该不会喜欢吧……,,,,12016,,,,,,,,,,,,,,,,,,,,
12,FALSE,3,12016,不过还是感谢先生推荐！下面还有一个饮品制作，不知道您这边有没有什么独特口味呀，嘿嘿,,冰镇羊奶,,12017,,,泉水,,12021,,,巧克力牛奶,,12025,,,,,,,,,,
12,FALSE,3,12017,哇，这个听起来不错！这个味道，简直完美！先生给我来两桶带回去吧，嘿嘿,,,,12018,,,,,,,,,,,,,,,,,,,,
12,FALSE,3,12018,感谢先生推荐！最后我还有一个请求，就是餐后甜点！拜托先生了！,,榴莲饼,,12019,,300,苹果冰淇淋,,12020,,200,,,,,,,,,,,,,
12,FALSE,3,12019,嗯！这个味道，可以的！不愧是你们这的特产，我要了！嘿嘿，先生谢谢你，希望我比赛顺利！,,,,,,,,,,,,,,,,,,,,,,,,
12,FALSE,3,12020,这个冰淇淋！无比丝滑，味道鲜美，他们一定会爱上的，嘿嘿！先生谢谢你，希望我比赛顺利！,,,,,,,,,,,,,,,,,,,,,,,,
12,FALSE,3,12021,呃……这个泉水，可能有点普通了呢，他们应该不会喜欢吧……,,,,12022,,,,,,,,,,,,,,,,,,,,
12,FALSE,3,12022,感谢先生推荐！最后我还有一个请求，就是餐后甜点！拜托先生了！,,榴莲饼,,12023,,100,苹果冰淇淋,,12024,,0,,,,,,,,,,,,,
12,FALSE,3,12023,嗯！这个味道，可以的！不愧是你们这的特产，我要了！嘿嘿，先生谢谢你，希望我比赛顺利！,,,,,,,,,,,,,,,,,,,,,,,,
12,FALSE,3,12024,这个冰淇淋！无比丝滑，味道鲜美，他们一定会爱上的，嘿嘿！先生谢谢你，希望我比赛顺利！,,,,,,,,,,,,,,,,,,,,,,,,
12,FALSE,3,12025,呃……先生您确定么，这道饮品，他们估计都不会喜欢的……我自己也不喜欢巧克力……,,,,12022,,,,,,,,,,,,,,,,,,,,
12,FALSE,3,12026,emmm，这道菜，恐怕他们吃了会不舒服吧，我之前见过有人做这个，效果不太好呢……,,,,12016,,,,,,,,,,,,,,,,,,,,
13,FALSE,3,13001,你好啊年轻人，给我来一杯饮品吧，什么都行,,倒一杯冰啤酒,,13002,,,倒一杯热茶,,13002,,,,,,,,,,,,,,,
13,FALSE,3,13002,嗯……谢谢，正合我意,,,,13003,,,,,,,,,,,,,,,,,,,,
13,FALSE,3,13003,（喝了几口后）年轻人，我给你讲个故事吧，不知道你是否有兴趣？,,当然有兴趣，您请说？,,13004,,,,,,,,,,,,,,,,,,,,
13,FALSE,3,13004,（他闭上眼睛，开始自言自语起来）传说中有一棵世界之树，树根下有一个泉眼，和一条不断啃食树根的毒龙【尼德霍格】,,,,13005,,,,,,,,,,,,,,,,,,,,
13,FALSE,3,13005,在遥远的火之国中有一艘用死人的指甲建造的大船【纳吉尔法】,,,,13006,,,,,,,,,,,,,,,,,,,,
13,FALSE,3,13006,在天空中有两只追逐着太阳和月亮的两匹恶狼【哈提】和【斯库尔】…………,,先生？？您等等，我好像不知道您在说什么？,,13007,,,,,,,,,,,,,,,,,,,,
13,FALSE,3,13007,啊……抱歉抱歉，我应该通俗一点的，这些是我最近在古书上看到的记载，这三个看似完全没有任何关系的事情，却有着一定联系……,,请问……是什么联系？,,13008,,,,,,,,,,,,,,,,,,,,
13,FALSE,3,13008,当【哈提】和【斯库尔】吞掉太阳和月亮之时，天空变得阴沉无比，群星变得暗淡无光。,,,,13009,,,,,,,,,,,,,,,,,,,,
13,FALSE,3,13009,【尼德霍格】会在此时啃断世界之树的最后一个树根，可怕的魔物将会乘着【纳吉尔法】降临世界。,,这……这也太恐怖了，那后面，怎么才能避免这场灾难呢？,,13010,,,,,,,,,,,,,,,,,,,,
13,FALSE,3,13010,唉……你看……这后面的书页被撕掉了……我也正在试图去知晓这件事，这就是我最近的目的……,,询问【纳吉尔法】,您对【纳吉法尔】有什么想法？,13011,,,询问【哈提】和【斯库尔】,您对【哈提】和【斯库尔】有什么想法？,13016,,,询问【尼德霍格】,您对【尼德霍格】有什么想法？,,,,,,,,,,,
13,FALSE,3,13011,虽然书中描述那载着魔物大军的【纳吉尔法】是一艘船，但我认为也有可能是一种【途径】，像是【传送门】？,,询问【哈提】和【斯库尔】,您对【哈提】和【斯库尔】有什么想法？,13012,,,询问【尼德霍格】,您对【尼德霍格】有什么想法？,13013,,,,,,,,,,,,,,,
13,FALSE,3,13012,最近这种可以吸收光线的黑色物质遍布我们的周围，越来越像预言中日月被【哈提】和【斯库尔】吞掉后的样子了,,询问【尼德霍格】,您对【尼德霍格】有什么想法？,13014,,,,,,,,,,,,,,,,,,,,
13,FALSE,3,13013,我认为【尼德霍格】可能不一定真的是一条毒龙，他可能是一个引发灾难的一个【机制】,,,,13026,,,,,,,,,,,,,,,,,,,,
13,FALSE,3,13014,我认为【尼德霍格】可能不一定真的是一条毒龙，他可能是一个引发灾难的一个【机制】,,询问【哈提】和【斯库尔】,您对【哈提】和【斯库尔】有什么想法？,13015,,,,,,,,,,,,,,,,,,,,
13,FALSE,3,13015,最近这种可以吸收光线的黑色物质遍布我们的周围，越来越像预言中日月被【哈提】和【斯库尔】吞掉后的样子了,,,,13026,,,,,,,,,,,,,,,,,,,,
13,FALSE,3,13016,最近这种可以吸收光线的黑色物质遍布我们的周围，越来越像预言中日月被【哈提】和【斯库尔】吞掉后的样子了,,询问【纳吉尔法】,您对【纳吉法尔】有什么想法？,13017,,,询问【尼德霍格】,您对【尼德霍格】有什么想法？,13019,,,,,,,,,,,,,,,
13,FALSE,3,13017,虽然书中描述那载着魔物大军的【纳吉尔法】是一艘船，但我认为也有可能是一种【途径】，像是【传送门】？,,询问【尼德霍格】,您对【尼德霍格】有什么想法？,13018,,,,,,,,,,,,,,,,,,,,
13,FALSE,3,13018,我认为【尼德霍格】可能不一定真的是一条毒龙，他可能是一个引发灾难的一个【机制】,,,,13026,,,,,,,,,,,,,,,,,,,,
13,FALSE,3,13019,我认为【尼德霍格】可能不一定真的是一条毒龙，他可能是一个引发灾难的一个【机制】,,询问【纳吉尔法】,您对【纳吉法尔】有什么想法？,13020,,,,,,,,,,,,,,,,,,,,
13,FALSE,3,13020,虽然书中描述那载着魔物大军的【纳吉尔法】是一艘船，但我认为也有可能是一种【途径】，像是【传送门】？,,,,13026,,,,,,,,,,,,,,,,,,,,
13,FALSE,3,13021,我认为【尼德霍格】可能不一定真的是一条毒龙，他可能是一个引发灾难的一个【机制】 ,,询问【纳吉尔法】,您对【纳吉法尔】有什么想法？,13022,,,询问【哈提】和【斯库尔】,您对【哈提】和【斯库尔】有什么想法？,13024,,,,,,,,,,,,,,,
13,FALSE,3,13022,虽然书中描述那载着魔物大军的【纳吉尔法】是一艘船，但我认为也有可能是一种【途径】，像是【传送门】？,,询问【哈提】和【斯库尔】,您对【哈提】和【斯库尔】有什么想法？,13023,,,,,,,,,,,,,,,,,,,,
13,FALSE,3,13023,最近这种可以吸收光线的黑色物质遍布我们的周围，越来越像预言中日月被【哈提】和【斯库尔】吞掉后的样子了,,,,13026,,,,,,,,,,,,,,,,,,,,
13,FALSE,3,13024,最近这种可以吸收光线的黑色物质遍布我们的周围，越来越像预言中日月被【哈提】和【斯库尔】吞掉后的样子了,,询问【纳吉尔法】,您对【纳吉法尔】有什么想法？,13025,,,,,,,,,,,,,,,,,,,,
13,FALSE,3,13025,虽然书中描述那载着魔物大军的【纳吉尔法】是一艘船，但我认为也有可能是一种【途径】，像是【传送门】？,,,,13026,,,,,,,,,,,,,,,,,,,,
13,FALSE,3,13026,,,这些事情，感觉隐藏着巨大的玄机，而且跟最近发生的事有着关联……比如这些黑色物质……那另外的【传送门】和【机制】又是现实中的什么？,,13027,,,,,,,,,,,,,,,,,,,,
13,FALSE,3,13027,对了，这后面还有一个残页，上面还有两句话，不过我怎么也看不懂，我也念给你听听吧,,,,13028,,,,,,,,,,,,,,,,,,,,
13,FALSE,3,13028,"——彼时有灰瞳银发之使，促灾厄之成。
 ——天灾将至，诸界共灭。前世之遗，新世之始。",,银发灰瞳...我怎么觉得我遇到过一个这样的人……,,13029,,,,,,,,,,,,,,,,,,,,
13,FALSE,3,13029,好啦年轻人，喝完了我也该出发了，继续我的研究，谢谢你的招待，真希望这个世界，可以快点好起来啊……,,,,,,,,,,,,,,,,,,,,,,,,
10,FALSE,3,14001,先生，我们又见面了，能否带我去门口院子看看？,,好的，当然可以先生,,14002,,,,,,,,,,,,,,,,,,,,
10,FALSE,3,14002,感谢先生信任，我有一些重要发现，这次时间紧迫，我们就长话短说吧……,,最近发生了什么？,,14003,,,,,,,,,,,,,,,,,,,,
10,FALSE,3,14003,先生，最近黑色物质越来越多，想必你也看出来了……我逐渐的预感到，那场灾难要来临了……,,你说的重要发现是什么？,,14004,,,,,,,,,,,,,,,,,,,,
10,FALSE,3,14004,最近事态很严重，我东奔西走，找到了一位北域的先知，从他口中，我似乎找到了能解决这一切的办法！,,,,14005,,,,,,,,,,,,,,,,,,,,
10,FALSE,3,14005,但先生，请你，务必要相信我！,,你仔细说来听听,,14006,,,,,,,,,,,,,,,,,,,,
10,FALSE,3,14006,我和这位先知去了一趟北域的遗迹，在那里的石碑里看到了一些类似【预言】的东西，我们就详细了解了一下，分别提到了【法阵】，【法器】，以及……【释放】,,,,14007,,,,,,,,,,,,,,,,,,,,
10,FALSE,3,14007,随后先知对我说，这个预言似乎和大陆现在所经历的有很大关系……,,【法阵】是什么,,14008,,,【法器】是什么,,,,,【释放】是什么,,,,,,,,,,,,
10,FALSE,3,14008,大概的意思就是执行这个仪式，需要一个法阵来支持，经过我们的考察，我初步判断是大陆上的一个【农场】,,【法器】是什么,,14009,,,【释放】是什么,,14011,,,,,,,,,,,,,,,
10,FALSE,3,14009,【法器】大概就是执行仪式需要的宝物，根据先知的推断，他对我说道，这个宝物是宫里的【尼德霍格之心】,,【释放】是什么,,14010,,,,,,,,,,,,,,,,,,,,
10,FALSE,3,14010,【释放】大概就是，法器和法阵相结合后，就可以释放一些东西，我觉得应该就是那些黑暗物质吧……,,,,14023,,,,,,,,,,,,,,,,,,,,
10,FALSE,3,14011,【释放】大概就是，法器和法阵相结合后，就可以释放一些东西，我觉得应该就是那些黑暗物质吧……,,【法器】是什么,,14012,,,,,,,,,,,,,,,,,,,,
10,FALSE,3,14012,【法器】大概就是执行仪式需要的宝物，根据先知的推断，他对我说道，这个宝物是宫里的【尼德霍格之心】,,,,14023,,,,,,,,,,,,,,,,,,,,
10,FALSE,3,14013,【法器】大概就是执行仪式需要的宝物，根据先知的推断，他对我说道，这个宝物是宫里的【尼德霍格之心】,,【法阵】是什么,,14014,,,【释放】是什么,,14016,,,,,,,,,,,,,,,
10,FALSE,3,14014,大概的意思就是执行这个仪式，需要一个法阵来支持，经过我们的考察，我初步判断是大陆上的一个【农场】,,【释放】是什么,,14015,,,,,,,,,,,,,,,,,,,,
10,FALSE,3,14015,【释放】大概就是，法器和法阵相结合后，就可以释放一些东西，我觉得应该就是那些黑暗物质吧……,,,,14023,,,,,,,,,,,,,,,,,,,,
10,FALSE,3,14016,【释放】大概就是，法器和法阵相结合后，就可以释放一些东西，我觉得应该就是那些黑暗物质吧……,,【法阵】是什么,,14017,,,,,,,,,,,,,,,,,,,,
10,FALSE,3,14017,大概的意思就是执行这个仪式，需要一个法阵来支持，经过我们的考察，我初步判断是大陆上的一个【农场】,,,,14023,,,,,,,,,,,,,,,,,,,,
10,FALSE,3,14018,【释放】大概就是，法器和法阵相结合后，就可以释放一些东西，我觉得应该就是那些黑暗物质吧……,,【法阵】是什么,,14019,,,【法器】是什么,,14021,,,,,,,,,,,,,,,
10,FALSE,3,14019,大概的意思就是执行这个仪式，需要一个法阵来支持，经过我们的考察，我初步判断是大陆上的一个【农场】,,【法器】是什么,,14020,,,,,,,,,,,,,,,,,,,,
10,FALSE,3,14020,【法器】大概就是执行仪式需要的宝物，根据先知的推断，他对我说道，这个宝物是宫里的【尼德霍格之心】,,,,14023,,,,,,,,,,,,,,,,,,,,
10,FALSE,3,14021,【法器】大概就是执行仪式需要的宝物，根据先知的推断，他对我说道，这个宝物是宫里的【尼德霍格之心】,,【法阵】是什么,,14022,,,,,,,,,,,,,,,,,,,,
10,FALSE,3,14022,大概的意思就是执行这个仪式，需要一个法阵来支持，经过我们的考察，我初步判断是大陆上的一个【农场】,,,,14023,,,,,,,,,,,,,,,,,,,,
10,FALSE,3,14023,,,这……这么可怕？那我们现在需要做什么？,,14024,,,,,,,,,,,,,,,,,,,,
10,FALSE,3,14024,先生……感谢你相信我，我们需要做的，就是阻止这场灾难！找到那个背后操纵黑暗物质的人是谁……,,,,14025,,,,,,,,,,,,,,,,,,,,
10,FALSE,3,14025,所以我觉得……不管操纵的人是谁，可能他根本还不知道这个神秘的【预言】，我们可以现在就执行这个【预言】从根本上阻止他！,,具体要我怎么做？,,14026,,,,,,,,,,,,,,,,,,,,
10,FALSE,3,14026,未来会有很多人来你这里，我希望先生留意有没有一些农场的主人，以及皇室的人，我希望你可以让皇室的【法器】放到农场这个【法阵】上……,,我尽力而为,,14027,,,我真怀疑这真的有效吗？,,14028,,,,,,,,,,,,,,,
10,FALSE,3,14027,感谢先生信任！我知道做起来很难，但请您尝试，为了拯救这个大陆……,,,,,,,,,,,,,,,,,,,,,,,,
10,FALSE,3,14028,先生……我不知道有没有效，但我觉得至少是我唯一能做的尝试了……你现在很重要，请先生相信我！,,,,,,,,,,,,,,,,,,,,,,,,
7,FALSE,3,15001,诶~这小店怎么还没倒闭呀~怎么没人出来欢迎我呀~,,伯爵大人您来了，上次的罚单我都交过了，现在不可能有什么违禁品了哈,,15002,,,,,,,,,,,,,,,,,,,,
7,FALSE,3,15002,哼~知道就好~不过哦~告诉你一个不幸的消息~你的小店又要倒闭啦~因为上次的黑暗物质~你还没解释清楚呢~,,你想怎么样？,,15003,,,我确实不知道……,,15010,,-5000,,,,,,,,,,,,,
7,FALSE,3,15003,哼哼~当然是罚款啦~而且啊~你要把这些黑色物质是干什么的~全部告诉我~不然你的小店就别想要啦~,,老实交代,,15004,,,我知道你的一些事情,,15011,,,,,,,,,,,,,,,
7,FALSE,3,15004,哎哟~果然听话啊~被罚没钱了是吧~哈哈哈~嗯~那你把这些黑暗物品交给我吧~,,交付黑暗物品,,15005,,,不交付,,15010,,-2500,,,,,,,,,,,,,
7,FALSE,3,15005,哼哼~学乖了啊~还不错~那我就带回去了~这次先不罚你了~,,伯爵大人，我有一个请求……,,15006,,,,,,,,,,,,,,,,,,,,
7,FALSE,3,15006,【尼格霍尔之心】？那个破球儿你要来干嘛~虽然说没什么用处吧~但好歹也是皇宫里的东西呀~不行不行~,,我知道你的一些事情,,15007,,,,,,,,,,,,,,,,,,,,
7,FALSE,3,15007,哎哟~怎么~你还有我的把柄~我告诉你我可不怕呢~看你能说出个什么来~,,冰法师的事情，你不会不知道吧？,,15008,,,,,,,,,,,,,,,,,,,,
7,FALSE,3,15008,诶~~！你在胡说些什么……我……你怎么知道他的事情~~！,,伯爵大人，这回能帮我拿过来了吗？,,15009,,,,,,,,,,,,,,,,,,,,
7,FALSE,3,15009,哼~敢威胁我~好吧~你等着~过几天我托人把这破球儿给你带过来~,,,,,,,,,,,,,,,,,,,,,,,,
7,FALSE,3,15010,哼~果然还是不涨记性啊~那看好啦~又一张罚单~你收好哦~,,,,,,,,,,,,,,,,,,,,,,,,
7,FALSE,3,15011,哎哟~怎么~你还有我的把柄~我告诉你我可不怕呢~看你能说出个什么来~,,你是黑暗物质的操纵者,,15012,,,冰法师的事情，你不会不知道吧？,,15013,,,,,,,,,,,,,,,
7,FALSE,3,15012,你在开玩笑吧~我操纵黑暗物质？哈哈哈哈~你在做梦吧~看好啦，这是一张罚单~你收好哦~,,,,,,,,,,,,,,,,,,,,,,,,
7,FALSE,3,15013,诶~~！你在胡说些什么……我……你怎么知道他的事情~~！,,伯爵大人，你不用管这个，你帮我拿一个东西过来，我就当不知道啦,,15014,,,,,,,,,,,,,,,,,,,,
7,FALSE,3,15014,哼~你这臭小子~竟然敢威胁我！哼~好吧~你说吧~拿什么东西？,,请求拿回【尼格霍尔之心】,,15009,,,,,,,,,,,,,,,,,,,,
11,FALSE,3,16001,嘿！朋友你好，好久不见呀，还记得我吗？,,怎么可能不记得团长呢，您今天来是有什么事情？,,16002,,,,,,,,,,,,,,,,,,,,
11,FALSE,3,16002,哎呀，我这次是奉命而来，给你送一个东西的,,啊！这么快吗！伯爵大人办事还真是效率啊！,,16003,,,,,,,,,,,,,,,,,,,,
11,FALSE,3,16003,来！拿着（获得【尼格霍尔之心】）也不知道你要这玩意儿有什么用，能透露透露吗？,,是别人让我拿的,,16004,,,只是收集宝贝而已,,16012,,,,,,,,,,,,,,,
11,FALSE,3,16004,别人？能透露下是谁吗？他要这玩意有何用处？,,一位旅人,,16005,,,其实我自己想要的,,16012,,,,,,,,,,,,,,,
11,FALSE,3,16005,一位旅人？嗯……很神秘的样子啊，对了这次来我是想要问你一件重要的事情,,您请说？,,16006,,,,,,,,,,,,,,,,,,,,
11,FALSE,3,16006,朋友，我想问问你，你对于【预言】或者是【法阵】有所耳闻吗？,,没有听到过这些,,16007,,,一位旅人跟我讲过,,16013,,,,,,,,,,,,,,,
11,FALSE,3,16007,啊！这样啊，那我只能去别处问了！朋友，还有一件事，我想知道的是，你对于黑色物质还知道什么？,,我只是一个店员，怎么可能知道那些,,16008,,,可能这些黑暗物质是被释放的……,,,,,,,,,,,,,,,,,
11,FALSE,3,16008,啊！这样啊，看来朋友真的是什么都不知道呢，那我去别处问问吧,,,,16009,,,,,,,,,,,,,,,,,,,,
11,FALSE,3,16009,那我就先回啦，谢谢朋友信任我，最后再忠告朋友一句，如果觉得谁可疑，请立刻告诉我，好吗？,,有几位比较可疑，来我这里聊过黑暗物质,,16010,,,好的，您慢走,,16011,,,,,,,,,,,,,,,
11,FALSE,3,16010,这样的吗！那拜托朋友回忆一下，给我写个名单，万分感谢！（你写了一个名单，交给了骑士）,,,,,,,,,,,,,,,,,,,,,,,,
11,FALSE,3,16011,（你没有告诉骑士任何信息，他便离开了小店）,,,,,,,,,,,,,,,,,,,,,,,,
11,FALSE,3,16012,啊！哈哈哈，这东西看着也卖不了几个钱呀，算啦，这也不是我的事情，这次我来还有一个重要的事情想问你呀,,您请说？,,16006,,,,,,,,,,,,,,,,,,,,
11,FALSE,3,16013,哦？真的吗……！那请问朋友，你知道【法阵】是什么吗？是大陆的哪个位置？,,忘记了,,16014,,,一个农场,,16015,,500,一座山上,,16015,,500,一个花园里,,16015,,500,,,
11,FALSE,3,16014,啊……这样啊……如果朋友能告诉我，那可是对我很有帮助呢……不过也没关系，感谢朋友！,,,,,,,,,,,,,,,,,,,,,,,,
11,FALSE,3,16015,是这个地方吗！好的，对我有很大帮助呢，十分感谢朋友的帮助，请收下这些，以表感谢,,,,,,,,,,,,,,,,,,,,,,,,
5,FALSE,3,17001,咳咳……小伙子……我又来了……还记得我吗？,,当然了，您请进，我给您介绍介绍,,17002,,,,,,,,,,,,,,,,,,,,
5,FALSE,3,17002,你上次那批货，我还没买完呢……现在还有吗？我听邻居说你这又有新的货物啦？……,,介绍秘银镰刀,,17003,,,,,,,,,,,,,,,,,,,,
5,FALSE,3,17003,咳咳……你这把镰刀，有什么好处啊？,,大爷，这把镰刀锋利无比，而且不易损坏，保证您能用个4~5年呢！,,17004,,,大爷，这把镰刀重量很小，拿起来不费力，很适合你啊！,,17010,,,,,,,,,,,,,,,
5,FALSE,3,17004,嗯……这时间年限……我好像没什么要求啊……我家的也能用用……这次先不了……咳咳……还有什么别的呀,,介绍特制肥料,,17005,,,,,,,,,,,,,,,,,,,,
5,FALSE,3,17005,这肥料……咳咳……有啥特点啊……,,我这里的肥料，富含大量营养元素，您用了之后，产量能比之前多出快十倍呢！,,17006,,300,这肥料存储十分方便，基本不会变质，耐用性很好呢！,,17013,,0,,,,,,,,,,,,,
5,FALSE,3,17006,咳咳，不错不错……我现在一年收成，可太少啦……还有这么好的东西……,,,,17007,,,,,,,,,,,,,,,,,,,,
5,FALSE,3,17007,好啦小伙子……咳咳……这次就这样吧……我先走了……,,大爷您等等！,,17008,,,,,,,,,,,,,,,,,,,,
5,FALSE,3,17008,哎？有什么事情吗……咳咳……,,大爷，看您这么多次来，这是给您的赠品，一个喷泉装饰物，您可以放进去，图个吉祥（送出【尼德霍格之心】,,17009,,,,,,,,,,,,,,,,,,,,
5,FALSE,3,17009,诶……谢谢啊……谢谢……咳咳……这球儿还挺好看啊……有点高贵,,,,,,,,,,,,,,,,,,,,,,,,
5,FALSE,3,17010,嗯……不错不错，这正是我需要的……我要了，还有什么别的吗？咳咳……,,介绍特制肥料,,17011,,,,,,,,,,,,,,,,,,,,
5,FALSE,3,17011,这肥料……咳咳……有啥特点啊……,,我这里的肥料，富含大量营养元素，您用了之后，产量能比之前多出快十倍呢！,,17012,,600,这肥料存储十分方便，基本不会变质，耐用性很好呢！,,17013,,300,,,,,,,,,,,,,
5,FALSE,3,17012,咳咳，不错不错……我现在一年收成，可太少啦……还有这么好的东西……,,,,17007,,,,,,,,,,,,,,,,,,,,
5,FALSE,3,17013,咳咳……这个好像没啥用啊……这个肥料就算了吧……,,,,17007,,,,,,,,,,,,,,,,,,,,
